{"cameraMode":{"drawMode":0,"name":"Shaded","section":"Shading Mode"},"sceneLighting":true,"audioPlay":false,"sceneViewState":{"m_AlwaysRefresh":false,"showFog":true,"showSkybox":true,"showFlares":true,"showImageEffects":true,"showParticleSystems":true,"showVisualEffectGraphs":true,"m_FxEnabled":true},"in2DMode":false,"pivot":{"x":-0.12655067443847657,"y":-22.65865707397461,"z":11.693345069885254},"rotation":{"x":-0.5017151236534119,"y":0.05623112618923187,"z":-0.03270529955625534,"w":-0.8625880479812622},"size":21.090972900390626,"orthographic":false}